RiskGroup,Metro,0-4,5-17,18-49,50-64,65+,Grocery
0,12420,128527,327148,895147.287,249273,132505,20746.71303
1,12420,9350,37451,152670.5738,108196,103763,3538.426167
