RiskGroup,Metro,0-4,5-17,18-49,50-64,65+,Construction
0,12420,128527,327148,873179.1676,249273,132505,42714.83244
1,12420,9350,37451,148923.8324,108196,103763,7285.167563
